ADCODE99,Mus musculus,Rattus norvegicus
110101,1,1
110102,0,1
110105,0,1
110106,1,1
110107,0,1
110108,1,1
110109,1,1
110111,0,1
110112,1,1
110113,0,1
110114,1,1
110115,0,1
110116,1,1
110117,1,1
110228,1,1
110229,1,1
120101,1,1
120102,1,1
120103,1,1
120104,1,1
120105,1,1
120106,1,1
120110,1,1
120111,1,1
120112,1,1
120113,1,1
120114,1,1
120115,1,1
120116,1,1
120221,1,1
120223,1,1
120225,1,1
130102,1,1
130103,1,1
130104,1,1
130105,1,1
130107,1,1
130108,1,1
130121,1,1
130123,1,1
130124,1,1
130125,1,1
130126,1,1
130127,1,1
130128,1,1
130129,1,1
130130,1,1
130131,1,1
130132,1,1
130133,1,1
130181,1,1
130182,1,1
130183,1,1
130184,1,1
130185,1,1
130202,1,1
130203,1,1
130204,1,1
130205,1,1
130207,1,1
130208,1,1
130209,NA,NA
130223,1,1
130224,NA,NA
130225,1,1
130227,1,1
130229,1,1
130281,1,1
130283,1,1
130302,1,1
130303,1,1
130304,1,1
130321,1,1
130322,1,1
130323,1,1
130324,1,1
130402,1,1
130403,1,1
130404,1,1
130406,1,1
130421,1,1
130423,1,1
130424,1,1
130425,1,1
130426,1,1
130427,1,1
130428,1,1
130429,1,1
130430,1,1
130431,1,1
130432,1,1
130433,1,1
130434,1,1
130435,1,1
130481,1,1
130502,NA,NA
130503,NA,NA
130521,1,1
130522,1,1
130523,1,1
130524,1,1
130525,1,1
130526,1,1
130527,1,1
130528,1,1
130529,1,1
130530,1,1
130531,1,1
130532,1,1
130533,1,1
130534,1,1
130535,1,1
130581,1,1
130582,1,1
130602,1,1
130603,1,1
130604,1,1
130621,1,1
130622,1,1
130623,1,1
130624,1,1
130625,1,1
130626,1,1
130627,1,1
130628,1,1
130629,1,1
130630,1,1
130631,1,1
130632,1,1
130633,1,1
130634,1,1
130635,1,1
130636,1,1
130637,1,1
130638,1,1
130681,1,1
130682,1,1
130683,1,1
130684,1,1
130702,NA,NA
130703,NA,NA
130705,1,1
130706,1,1
130721,1,1
130722,1,1
130723,1,1
130724,1,1
130725,1,1
130726,1,1
130727,1,1
130728,1,1
130729,1,1
130730,1,1
130731,1,1
130732,1,1
130733,1,1
130802,1,1
130803,1,1
130804,1,1
130821,1,1
130822,1,1
130823,1,1
130824,1,1
130825,1,1
130826,1,1
130827,1,1
130828,1,1
130902,NA,NA
130903,1,1
130921,1,1
130922,1,1
130923,1,1
130924,1,1
130925,1,1
130926,1,1
130927,1,1
130928,1,1
130929,1,1
130930,1,1
130981,1,1
130982,1,1
130983,1,1
130984,1,1
131002,1,1
131003,1,1
131022,1,1
131023,1,1
131024,1,1
131025,1,1
131026,1,1
131028,1,1
131081,1,1
131082,1,1
131102,1,1
131121,1,1
131122,1,1
131123,1,1
131124,1,1
131125,1,1
131126,1,1
131127,1,1
131128,1,1
131181,1,1
131182,1,1
140105,NA,NA
140106,NA,NA
140107,NA,NA
140108,NA,NA
140109,NA,NA
140110,NA,NA
140121,NA,NA
140122,NA,NA
140123,0,0
140181,NA,NA
140202,NA,NA
140203,NA,NA
140211,NA,NA
140212,NA,NA
140221,NA,NA
140222,NA,NA
140223,NA,NA
140224,0,0
140225,NA,NA
140226,NA,NA
140227,NA,NA
140302,NA,NA
140303,NA,NA
140311,1,1
140321,0,0
140322,0,0
140402,NA,NA
140411,NA,NA
140421,NA,NA
140423,NA,NA
140424,NA,NA
140425,0,0
140426,0,0
140427,0,0
140428,NA,NA
140429,NA,NA
140430,0,0
140431,0,0
140481,NA,NA
140502,NA,NA
140521,1,1
140522,1,1
140524,0,0
140525,NA,NA
140581,NA,NA
140602,NA,NA
140603,NA,NA
140621,NA,NA
140622,NA,NA
140623,NA,NA
140624,NA,NA
140702,0,0
140721,NA,NA
140722,NA,NA
140723,0,0
140724,0,0
140725,NA,NA
140726,NA,NA
140727,NA,NA
140728,NA,NA
140729,0,0
140781,0,0
140802,NA,NA
140821,NA,NA
140822,NA,NA
140823,0,0
140824,NA,NA
140825,NA,NA
140826,0,0
140827,1,1
140828,NA,NA
140829,NA,NA
140830,NA,NA
140881,NA,NA
140882,0,0
140902,NA,NA
140921,0,0
140922,1,1
140923,0,1
140924,1,1
140925,0,1
140926,NA,NA
140927,NA,NA
140928,0,1
140929,0,1
140930,NA,NA
140931,NA,NA
140932,NA,NA
140981,NA,NA
141002,NA,NA
141021,NA,NA
141022,1,1
141023,NA,NA
141024,NA,NA
141025,NA,NA
141026,NA,NA
141027,NA,NA
141028,0,0
141029,NA,NA
141030,NA,NA
141031,1,1
141032,NA,NA
141033,NA,NA
141034,NA,NA
141081,NA,NA
141082,NA,NA
141102,NA,NA
141121,NA,NA
141122,0,0
141123,NA,NA
141124,NA,NA
141125,NA,NA
141126,NA,NA
141127,NA,NA
141128,NA,NA
141129,NA,NA
141130,NA,NA
141181,0,0
141182,NA,NA
150102,1,1
150103,NA,NA
150104,NA,NA
150105,0,0
150121,0,0
150122,0,0
150123,0,0
150124,0,0
150125,0,0
150202,NA,NA
150203,NA,NA
150204,NA,NA
150205,NA,NA
150206,NA,NA
150207,NA,NA
150221,0,0
150222,0,0
150223,0,0
150302,NA,NA
150303,NA,NA
150304,NA,NA
150402,NA,NA
150403,NA,NA
150404,NA,NA
150421,0,0
150422,0,0
150423,0,0
150424,0,0
150425,0,0
150426,0,0
150428,NA,NA
150429,0,0
150430,0,0
150502,NA,NA
150521,0,0
150522,NA,NA
150523,0,0
150524,0,0
150525,0,0
150526,0,0
150581,NA,NA
150602,0,0
150621,0,0
150622,0,0
150623,NA,NA
150624,0,0
150625,0,0
150626,0,0
150627,NA,NA
150702,0,0
150703,NA,NA
150721,0,0
150722,0,0
150723,NA,NA
150724,0,0
150725,0,0
150726,0,0
150727,0,0
150781,1,0
150782,0,0
150783,0,0
150784,0,0
150785,0,0
150802,0,0
150821,0,0
150822,0,0
150823,0,0
150824,NA,NA
150825,0,0
150826,0,0
150902,0,0
150921,0,0
150922,0,0
150923,0,0
150924,0,0
150925,0,0
150926,0,0
150927,NA,NA
150928,0,0
150929,0,0
150981,0,0
152201,NA,NA
152202,NA,NA
152221,0,0
152222,0,0
152223,0,0
152224,0,0
152501,0,0
152502,0,0
152522,0,0
152523,0,0
152524,1,0
152525,0,0
152526,0,0
152527,0,0
152528,0,0
152529,0,0
152530,0,0
152531,0,0
152921,0,0
152922,0,0
152923,0,0
210102,NA,NA
210103,1,1
210104,1,1
210105,1,1
210106,1,1
210111,1,1
210112,1,1
210113,1,1
210114,1,1
210122,1,1
210123,1,1
210124,1,1
210181,1,1
210202,1,1
210203,1,1
210204,1,1
210211,1,1
210212,1,1
210213,1,1
210224,1,1
210281,1,1
210282,1,1
210283,1,1
210302,1,1
210303,NA,NA
210304,1,1
210311,1,1
210321,1,1
210323,1,1
210381,1,1
210402,1,1
210403,1,1
210404,1,1
210411,1,1
210421,1,1
210422,1,1
210423,1,1
210502,1,1
210503,1,1
210504,1,1
210505,1,1
210521,1,1
210522,1,1
210602,1,1
210603,1,1
210604,1,1
210624,1,1
210681,1,1
210682,1,1
210702,1,1
210703,1,1
210711,1,1
210726,1,1
210727,1,1
210781,1,1
210782,1,1
210802,1,1
210803,1,1
210804,1,1
210811,1,1
210881,1,1
210882,1,1
210902,1,1
210903,1,1
210904,1,1
210905,1,1
210911,1,1
210921,1,1
210922,1,1
211002,1,1
211003,1,1
211004,1,1
211005,1,1
211011,1,1
211021,1,1
211081,1,1
211102,1,1
211103,1,1
211121,1,1
211122,1,1
211202,1,1
211204,1,1
211221,1,1
211223,1,1
211224,1,1
211281,1,1
211282,1,1
211302,1,1
211303,1,1
211321,1,1
211322,1,1
211324,1,1
211381,1,1
211382,1,1
211402,1,1
211403,1,1
211404,1,1
211421,1,1
211422,1,1
211481,1,1
220102,NA,NA
220103,NA,NA
220104,NA,NA
220105,NA,NA
220106,NA,NA
220112,0,0
220122,0,0
220181,0,0
220182,0,0
220183,NA,NA
220202,NA,NA
220203,NA,NA
220204,NA,NA
220211,NA,NA
220221,0,0
220281,0,0
220282,NA,NA
220283,0,0
220284,NA,NA
220302,NA,NA
220303,NA,NA
220322,0,0
220323,NA,NA
220381,0,0
220382,0,0
220402,NA,NA
220403,NA,NA
220421,0,0
220422,NA,NA
220502,0,0
220503,NA,NA
220521,NA,NA
220523,0,0
220524,NA,NA
220581,NA,NA
220582,0,0
220602,NA,NA
220605,NA,NA
220621,0,0
220622,0,0
220623,0,0
220681,NA,NA
220702,NA,NA
220721,0,0
220722,0,0
220723,NA,NA
220781,0,0
220802,NA,NA
220821,0,0
220822,0,0
220881,NA,NA
220882,0,0
222401,0,0
222402,NA,NA
222403,0,0
222404,0,1
222405,NA,NA
222406,NA,NA
222424,0,0
222426,0,0
230102,NA,NA
230103,NA,NA
230104,NA,NA
230108,NA,NA
230109,NA,NA
230110,NA,NA
230111,NA,NA
230112,0,1
230123,0,0
230124,NA,NA
230125,NA,NA
230126,NA,NA
230127,NA,NA
230128,NA,NA
230129,NA,NA
230182,0,1
230183,0,1
230184,0,0
230202,NA,NA
230203,NA,NA
230204,NA,NA
230205,NA,NA
230206,NA,NA
230207,NA,NA
230208,NA,NA
230221,0,1
230223,NA,NA
230224,0,1
230225,0,1
230227,NA,NA
230229,NA,NA
230230,NA,NA
230231,NA,NA
230281,NA,NA
230302,NA,NA
230303,NA,NA
230304,NA,NA
230305,NA,NA
230306,NA,NA
230307,NA,NA
230321,NA,NA
230381,0,1
230382,1,1
230402,NA,NA
230403,NA,NA
230404,NA,NA
230405,NA,NA
230406,NA,NA
230407,NA,NA
230421,0,1
230422,NA,NA
230502,NA,NA
230503,NA,NA
230505,NA,NA
230506,0,1
230521,0,0
230522,NA,NA
230523,0,1
230524,1,1
230602,NA,NA
230603,NA,NA
230604,NA,NA
230605,NA,NA
230606,NA,NA
230621,NA,NA
230622,NA,NA
230623,NA,NA
230624,NA,NA
230702,0,0
230703,NA,NA
230704,NA,NA
230705,1,1
230706,NA,NA
230707,NA,NA
230708,NA,NA
230709,NA,NA
230710,NA,NA
230711,NA,NA
230712,NA,NA
230713,0,0
230714,NA,NA
230715,NA,NA
230716,NA,NA
230722,1,1
230781,0,0
230803,NA,NA
230804,NA,NA
230805,NA,NA
230811,NA,NA
230822,0,1
230826,NA,NA
230828,0,1
230833,1,1
230881,1,1
230882,0,1
230902,NA,NA
230903,NA,NA
230904,NA,NA
230921,NA,NA
231002,0,0
231003,NA,NA
231004,1,1
231005,NA,NA
231024,0,1
231025,NA,NA
231081,1,1
231083,1,1
231084,1,1
231085,0,0
231102,0,1
231121,0,1
231123,0,0
231124,NA,NA
231181,0,1
231182,0,0
231202,NA,NA
231221,NA,NA
231222,NA,NA
231223,0,1
231224,0,0
231225,0,1
231226,NA,NA
231281,0,0
231282,NA,NA
231283,NA,NA
232721,0,1
232722,0,0
232723,0,0
310101,NA,NA
310104,NA,NA
310105,NA,NA
310106,NA,NA
310107,0,0
310108,NA,NA
310109,NA,NA
310110,NA,NA
310112,0,0
310113,NA,NA
310114,NA,NA
310115,0,0
310116,NA,NA
310117,0,0
310118,NA,NA
310120,1,1
310230,0,0
320102,NA,NA
320104,NA,NA
320105,NA,NA
320106,NA,NA
320111,NA,NA
320113,0,0
320114,NA,NA
320115,0,0
320116,NA,NA
320117,NA,NA
320118,NA,NA
320202,NA,NA
320203,NA,NA
320204,NA,NA
320205,NA,NA
320206,NA,NA
320211,NA,NA
320281,0,1
320282,1,1
320302,NA,NA
320303,NA,NA
320305,NA,NA
320311,NA,NA
320312,NA,NA
320321,NA,NA
320322,NA,NA
320324,0,1
320381,1,1
320382,0,0
320402,NA,NA
320404,NA,NA
320405,NA,NA
320411,NA,NA
320412,0,0
320481,NA,NA
320482,NA,NA
320505,NA,NA
320506,NA,NA
320507,NA,NA
320508,NA,NA
320509,NA,NA
320581,0,0
320582,NA,NA
320583,NA,NA
320585,NA,NA
320602,NA,NA
320611,NA,NA
320612,NA,NA
320621,1,1
320623,NA,NA
320681,NA,NA
320682,0,0
320684,NA,NA
320703,NA,NA
320705,NA,NA
320706,NA,NA
320721,NA,NA
320722,1,1
320723,NA,NA
320724,NA,NA
320802,NA,NA
320803,NA,NA
320804,NA,NA
320811,NA,NA
320826,NA,NA
320829,NA,NA
320830,NA,NA
320831,0,0
320902,NA,NA
320903,NA,NA
320921,NA,NA
320922,1,1
320923,0,0
320924,0,0
320925,NA,NA
320981,0,0
320982,0,0
321002,NA,NA
321003,NA,NA
321012,NA,NA
321023,NA,NA
321081,NA,NA
321084,NA,NA
321102,NA,NA
321111,NA,NA
321112,NA,NA
321181,0,0
321182,NA,NA
321183,1,1
321202,NA,NA
321203,NA,NA
321204,NA,NA
321281,1,0
321282,1,1
321283,0,0
321302,NA,NA
321311,NA,NA
321322,NA,NA
321323,0,0
321324,1,1
330102,1,1
330103,1,1
330104,1,1
330105,1,1
330106,1,1
330108,1,1
330109,1,1
330110,1,1
330122,1,1
330127,1,1
330182,1,1
330183,1,1
330185,1,1
330203,1,1
330204,1,1
330205,1,1
330206,1,1
330211,1,1
330212,1,1
330225,1,1
330226,1,1
330281,1,1
330282,1,1
330283,1,1
330302,0,0
330303,0,0
330304,0,0
330322,0,0
330324,0,0
330326,0,0
330327,0,0
330328,0,0
330329,0,1
330381,0,0
330382,0,0
330402,1,0
330411,1,0
330421,1,0
330424,1,0
330481,1,0
330482,1,0
330483,1,0
330502,NA,NA
330503,NA,NA
330521,NA,NA
330522,0,0
330523,0,0
330602,NA,NA
330603,NA,NA
330604,NA,NA
330624,NA,NA
330681,0,0
330683,NA,NA
330702,0,0
330703,0,0
330723,0,0
330726,0,0
330727,0,0
330781,0,0
330782,0,1
330783,0,0
330784,0,0
330802,1,1
330803,1,1
330822,1,1
330824,1,1
330825,1,1
330881,1,1
330902,0,1
330903,NA,NA
330921,NA,NA
330922,NA,NA
331002,NA,NA
331003,NA,NA
331004,NA,NA
331021,0,0
331022,NA,NA
331023,0,0
331024,NA,NA
331081,0,0
331082,NA,NA
331102,0,0
331121,0,0
331122,0,0
331123,0,0
331124,0,0
331125,0,0
331126,1,1
331127,0,0
331181,1,1
340102,1,1
340103,1,1
340104,1,1
340111,1,1
340121,1,1
340122,1,1
340123,1,1
340124,1,1
340181,1,1
340202,NA,NA
340203,NA,NA
340207,1,1
340208,1,1
340221,1,1
340222,1,1
340223,1,1
340225,1,1
340302,1,1
340303,1,1
340304,1,1
340311,1,1
340321,1,1
340322,1,1
340323,1,1
340402,1,1
340403,1,1
340404,1,1
340405,1,1
340406,1,1
340421,1,1
340503,1,1
340504,1,1
340506,NA,NA
340521,1,1
340522,1,1
340523,1,1
340602,1,1
340603,1,1
340604,1,1
340621,1,1
340702,1,1
340703,NA,NA
340711,NA,NA
340721,1,1
340802,1,1
340803,1,1
340811,1,1
340822,1,1
340823,1,1
340824,1,1
340825,1,1
340826,1,1
340827,1,1
340828,1,1
340881,1,1
341002,1,1
341003,1,1
341004,1,1
341021,1,1
341022,1,1
341023,1,1
341024,1,1
341102,1,1
341103,1,1
341122,1,1
341124,1,1
341125,1,1
341126,1,1
341181,1,1
341182,1,1
341202,1,1
341203,1,1
341204,1,1
341221,1,1
341222,1,1
341225,1,1
341226,1,1
341282,1,1
341302,1,1
341321,1,1
341322,1,1
341323,1,1
341324,1,1
341502,1,1
341503,1,1
341521,1,1
341522,1,1
341523,1,1
341524,1,1
341525,1,1
341602,1,1
341621,1,1
341622,1,1
341623,1,1
341702,1,1
341721,1,1
341722,1,1
341723,1,1
341802,1,1
341821,1,1
341822,1,1
341823,1,1
341824,1,1
341825,1,1
341881,1,1
350102,NA,NA
350103,0,0
350104,NA,NA
350105,1,1
350111,NA,NA
350121,0,0
350122,0,0
350123,0,0
350124,0,0
350125,0,0
350128,0,1
350181,1,0
350182,0,0
350203,NA,NA
350205,0,1
350206,NA,NA
350211,0,1
350212,0,1
350213,NA,NA
350302,NA,NA
350303,NA,NA
350304,NA,NA
350305,NA,NA
350322,0,0
350402,NA,NA
350403,NA,NA
350421,0,0
350423,NA,NA
350424,NA,NA
350425,0,0
350426,1,1
350427,0,0
350428,0,0
350429,0,0
350430,0,0
350481,0,0
350502,NA,NA
350503,NA,NA
350504,NA,NA
350505,NA,NA
350521,1,0
350524,0,0
350525,NA,NA
350526,0,0
350527,NA,NA
350581,NA,NA
350582,1,0
350583,1,0
350602,NA,NA
350603,NA,NA
350622,0,0
350623,0,0
350624,0,0
350625,NA,NA
350626,NA,NA
350627,0,0
350628,0,0
350629,NA,NA
350681,1,0
350702,NA,NA
350721,0,0
350722,0,0
350723,0,0
350724,0,0
350725,0,0
350781,0,0
350782,1,1
350783,1,0
350784,1,0
350802,0,1
350821,0,0
350822,1,0
350823,0,1
350824,NA,NA
350825,0,1
350881,0,0
350902,NA,NA
350921,0,0
350922,0,0
350923,0,0
350924,0,0
350925,0,0
350926,0,0
350981,0,0
350982,0,0
360102,1,1
360103,NA,NA
360104,1,1
360105,1,1
360111,1,1
360121,1,1
360122,1,1
360123,1,1
360124,1,1
360202,1,1
360203,1,1
360222,1,1
360281,1,1
360302,1,1
360313,1,1
360321,1,1
360322,1,1
360323,1,1
360402,1,1
360403,NA,NA
360421,1,1
360423,1,1
360424,1,1
360425,1,1
360426,1,1
360427,1,1
360428,1,1
360429,1,1
360430,1,1
360481,1,1
360482,NA,NA
360502,1,1
360521,1,1
360602,1,1
360622,1,1
360681,1,1
360702,1,1
360703,1,1
360721,1,1
360722,1,1
360723,1,1
360724,1,1
360725,1,1
360726,1,1
360727,1,1
360728,1,1
360729,1,1
360730,1,1
360731,1,1
360732,1,1
360733,1,1
360734,1,1
360735,1,1
360781,1,1
360802,1,1
360803,1,1
360821,1,1
360822,1,1
360823,1,1
360824,1,1
360825,1,1
360826,1,1
360827,1,1
360828,1,1
360829,1,1
360830,1,1
360881,1,1
360902,1,1
360921,1,1
360922,1,1
360923,1,1
360924,1,1
360925,1,1
360926,1,1
360981,1,1
360982,1,1
360983,1,1
361002,1,1
361021,1,1
361022,1,1
361023,1,1
361024,1,1
361025,1,1
361026,1,1
361027,1,1
361028,1,1
361029,1,1
361030,1,1
361102,1,1
361121,1,1
361122,1,1
361123,1,1
361124,1,1
361125,1,1
361126,1,1
361127,1,1
361128,1,1
361129,1,1
361130,1,1
361181,1,1
370102,NA,NA
370103,1,1
370104,NA,NA
370105,NA,NA
370112,NA,NA
370113,NA,NA
370124,NA,NA
370125,NA,NA
370126,NA,NA
370181,NA,NA
370202,NA,NA
370203,NA,NA
370211,1,1
370212,0,0
370213,NA,NA
370214,NA,NA
370281,0,0
370282,0,0
370283,0,0
370285,NA,NA
370302,NA,NA
370303,NA,NA
370304,NA,NA
370305,NA,NA
370306,NA,NA
370321,NA,NA
370322,NA,NA
370323,NA,NA
370402,NA,NA
370403,NA,NA
370404,NA,NA
370405,NA,NA
370406,NA,NA
370481,NA,NA
370502,NA,NA
370503,NA,NA
370521,0,0
370522,0,0
370523,NA,NA
370602,NA,NA
370611,NA,NA
370612,NA,NA
370613,NA,NA
370634,NA,NA
370681,NA,NA
370682,0,0
370683,0,0
370684,0,0
370685,NA,NA
370686,NA,NA
370687,0,0
370702,NA,NA
370703,NA,NA
370704,NA,NA
370705,NA,NA
370724,NA,NA
370725,NA,NA
370781,1,1
370782,0,0
370783,NA,NA
370784,NA,NA
370785,NA,NA
370786,NA,NA
370811,NA,NA
370812,NA,NA
370826,0,0
370827,NA,NA
370828,NA,NA
370829,0,0
370830,NA,NA
370831,NA,NA
370832,NA,NA
370881,1,1
370883,NA,NA
370902,NA,NA
370911,NA,NA
370921,NA,NA
370923,NA,NA
370982,NA,NA
370983,NA,NA
371002,NA,NA
371081,0,0
371082,NA,NA
371083,NA,NA
371102,NA,NA
371103,1,1
371121,NA,NA
371122,NA,NA
371202,NA,NA
371203,NA,NA
371302,NA,NA
371311,NA,NA
371312,NA,NA
371321,NA,NA
371322,NA,NA
371323,0,0
371324,NA,NA
371325,0,0
371326,NA,NA
371327,NA,NA
371328,0,0
371329,NA,NA
371402,NA,NA
371421,NA,NA
371422,NA,NA
371423,NA,NA
371424,NA,NA
371425,NA,NA
371426,NA,NA
371427,NA,NA
371428,NA,NA
371481,NA,NA
371482,NA,NA
371502,NA,NA
371521,NA,NA
371522,NA,NA
371523,NA,NA
371524,NA,NA
371525,NA,NA
371526,NA,NA
371581,NA,NA
371602,NA,NA
371621,NA,NA
371622,NA,NA
371623,NA,NA
371624,NA,NA
371625,NA,NA
371626,NA,NA
371702,NA,NA
371721,NA,NA
371722,NA,NA
371723,NA,NA
371724,NA,NA
371725,NA,NA
371726,NA,NA
371727,NA,NA
371728,NA,NA
410102,NA,NA
410103,NA,NA
410104,NA,NA
410105,NA,NA
410106,NA,NA
410108,NA,NA
410122,NA,NA
410181,NA,NA
410182,NA,NA
410183,NA,NA
410184,NA,NA
410185,1,1
410202,NA,NA
410203,NA,NA
410204,NA,NA
410205,NA,NA
410211,NA,NA
410221,NA,NA
410222,NA,NA
410223,NA,NA
410224,NA,NA
410225,NA,NA
410302,NA,NA
410303,NA,NA
410304,NA,NA
410305,NA,NA
410306,NA,NA
410311,NA,NA
410322,NA,NA
410323,NA,NA
410324,NA,NA
410325,1,1
410326,NA,NA
410327,NA,NA
410328,NA,NA
410329,NA,NA
410381,NA,NA
410402,NA,NA
410403,NA,NA
410404,NA,NA
410411,NA,NA
410421,NA,NA
410422,NA,NA
410423,NA,NA
410425,NA,NA
410481,0,0
410482,NA,NA
410502,NA,NA
410503,NA,NA
410505,NA,NA
410506,0,0
410522,NA,NA
410523,NA,NA
410526,NA,NA
410527,NA,NA
410581,1,0
410602,NA,NA
410603,NA,NA
410611,NA,NA
410621,NA,NA
410622,NA,NA
410702,NA,NA
410703,NA,NA
410704,NA,NA
410711,NA,NA
410721,1,1
410724,NA,NA
410725,NA,NA
410726,NA,NA
410727,NA,NA
410728,NA,NA
410781,NA,NA
410782,NA,NA
410802,NA,NA
410803,NA,NA
410804,NA,NA
410811,NA,NA
410821,NA,NA
410822,NA,NA
410823,NA,NA
410825,NA,NA
410882,NA,NA
410883,NA,NA
410902,NA,NA
410922,NA,NA
410923,NA,NA
410926,NA,NA
410927,NA,NA
410928,NA,NA
411002,NA,NA
411023,NA,NA
411024,NA,NA
411025,NA,NA
411081,NA,NA
411082,NA,NA
411102,NA,NA
411103,NA,NA
411104,NA,NA
411121,NA,NA
411122,NA,NA
411202,NA,NA
411221,NA,NA
411222,NA,NA
411224,NA,NA
411281,NA,NA
411282,NA,NA
411302,NA,NA
411303,NA,NA
411321,NA,NA
411322,NA,NA
411323,0,0
411324,NA,NA
411325,NA,NA
411326,NA,NA
411327,NA,NA
411328,NA,NA
411329,NA,NA
411330,NA,NA
411381,NA,NA
411402,NA,NA
411403,NA,NA
411421,NA,NA
411422,NA,NA
411423,NA,NA
411424,NA,NA
411425,1,1
411426,NA,NA
411481,NA,NA
411502,NA,NA
411503,NA,NA
411521,NA,NA
411522,NA,NA
411523,1,1
411524,0,1
411525,NA,NA
411526,NA,NA
411527,NA,NA
411528,1,1
411602,NA,NA
411621,NA,NA
411622,NA,NA
411623,NA,NA
411624,NA,NA
411625,NA,NA
411626,NA,NA
411627,NA,NA
411628,NA,NA
411681,NA,NA
411702,NA,NA
411721,NA,NA
411722,NA,NA
411723,NA,NA
411724,NA,NA
411725,NA,NA
411726,NA,NA
411727,NA,NA
411728,NA,NA
411729,NA,NA
419001,NA,NA
420102,NA,NA
420103,NA,NA
420104,NA,NA
420105,NA,NA
420106,0,0
420107,NA,NA
420111,NA,NA
420112,NA,NA
420113,NA,NA
420114,NA,NA
420115,NA,NA
420116,NA,NA
420117,NA,NA
420202,NA,NA
420203,NA,NA
420204,NA,NA
420205,NA,NA
420222,NA,NA
420281,0,0
420302,NA,NA
420303,NA,NA
420321,NA,NA
420322,0,0
420323,NA,NA
420324,NA,NA
420325,0,0
420381,NA,NA
420502,NA,NA
420503,NA,NA
420504,NA,NA
420505,NA,NA
420506,NA,NA
420525,NA,NA
420526,0,0
420527,0,0
420528,0,0
420529,NA,NA
420581,NA,NA
420582,NA,NA
420583,NA,NA
420602,NA,NA
420606,NA,NA
420607,NA,NA
420624,NA,NA
420625,NA,NA
420626,NA,NA
420682,NA,NA
420683,NA,NA
420684,NA,NA
420702,NA,NA
420703,NA,NA
420704,NA,NA
420802,NA,NA
420804,NA,NA
420821,NA,NA
420822,NA,NA
420881,NA,NA
420902,NA,NA
420921,NA,NA
420922,NA,NA
420923,NA,NA
420981,NA,NA
420982,NA,NA
420984,NA,NA
421002,NA,NA
421003,NA,NA
421022,NA,NA
421023,NA,NA
421024,NA,NA
421081,NA,NA
421083,NA,NA
421087,NA,NA
421102,NA,NA
421121,NA,NA
421122,NA,NA
421123,NA,NA
421124,NA,NA
421125,NA,NA
421126,NA,NA
421127,NA,NA
421181,NA,NA
421182,NA,NA
421202,NA,NA
421221,NA,NA
421222,NA,NA
421223,NA,NA
421224,NA,NA
421281,NA,NA
421303,NA,NA
421321,NA,NA
421381,NA,NA
422801,0,0
422802,NA,NA
422822,NA,NA
422823,0,0
422825,NA,NA
422826,NA,NA
422827,NA,NA
422828,NA,NA
429004,NA,NA
429005,NA,NA
429006,NA,NA
429021,1,1
430102,NA,NA
430103,NA,NA
430104,NA,NA
430105,NA,NA
430111,NA,NA
430112,NA,NA
430121,NA,NA
430124,NA,NA
430181,0,0
430202,NA,NA
430203,NA,NA
430204,NA,NA
430211,NA,NA
430221,NA,NA
430223,NA,NA
430224,NA,NA
430225,NA,NA
430281,NA,NA
430302,NA,NA
430304,NA,NA
430321,NA,NA
430381,NA,NA
430382,NA,NA
430405,NA,NA
430406,NA,NA
430407,NA,NA
430408,NA,NA
430412,NA,NA
430421,NA,NA
430422,0,0
430423,NA,NA
430424,NA,NA
430426,NA,NA
430481,NA,NA
430482,0,0
430502,NA,NA
430503,0,0
430511,NA,NA
430521,NA,NA
430522,NA,NA
430523,0,0
430524,NA,NA
430525,NA,NA
430527,0,0
430528,NA,NA
430529,NA,NA
430581,NA,NA
430602,NA,NA
430603,NA,NA
430611,NA,NA
430621,NA,NA
430623,0,1
430624,NA,NA
430626,NA,NA
430681,1,1
430682,NA,NA
430702,NA,NA
430703,NA,NA
430721,NA,NA
430722,NA,NA
430723,NA,NA
430724,NA,NA
430725,0,0
430726,NA,NA
430781,NA,NA
430802,NA,NA
430811,NA,NA
430821,NA,NA
430822,NA,NA
430902,NA,NA
430903,NA,NA
430921,NA,NA
430922,NA,NA
430923,NA,NA
430981,0,0
431002,NA,NA
431003,NA,NA
431021,0,0
431022,NA,NA
431023,NA,NA
431024,NA,NA
431025,NA,NA
431026,NA,NA
431027,NA,NA
431028,NA,NA
431081,NA,NA
431102,NA,NA
431103,NA,NA
431121,NA,NA
431122,NA,NA
431123,NA,NA
431124,NA,NA
431125,NA,NA
431126,0,0
431127,NA,NA
431128,NA,NA
431129,NA,NA
431202,NA,NA
431221,NA,NA
431222,0,0
431223,0,0
431224,0,0
431225,NA,NA
431226,NA,NA
431227,0,0
431228,NA,NA
431229,0,0
431230,0,0
431281,0,0
431302,NA,NA
431321,NA,NA
431322,NA,NA
431381,NA,NA
431382,NA,NA
433101,0,0
433122,NA,NA
433123,NA,NA
433124,NA,NA
433125,NA,NA
433126,NA,NA
433127,NA,NA
433130,NA,NA
440103,NA,NA
440104,0,1
440105,NA,NA
440106,NA,NA
440111,1,1
440112,NA,NA
440113,0,1
440114,0,1
440115,NA,NA
440116,NA,NA
440183,0,0
440184,0,1
440203,NA,NA
440204,NA,NA
440205,0,0
440222,0,0
440224,0,0
440229,NA,NA
440232,0,0
440233,NA,NA
440281,0,0
440282,NA,NA
440303,NA,NA
440304,NA,NA
440305,NA,NA
440306,NA,NA
440307,NA,NA
440308,NA,NA
440402,NA,NA
440403,NA,NA
440404,NA,NA
440507,NA,NA
440511,0,1
440512,NA,NA
440513,NA,NA
440514,NA,NA
440515,NA,NA
440523,NA,NA
440604,NA,NA
440605,0,0
440606,0,0
440607,0,0
440608,NA,NA
440703,NA,NA
440704,NA,NA
440705,NA,NA
440781,0,0
440783,NA,NA
440784,NA,NA
440785,NA,NA
440802,0,0
440803,NA,NA
440804,NA,NA
440811,NA,NA
440823,0,0
440825,0,0
440881,0,0
440882,0,0
440883,NA,NA
440902,NA,NA
440903,NA,NA
440923,NA,NA
440981,0,0
440982,0,0
440983,0,0
441202,NA,NA
441203,NA,NA
441223,NA,NA
441224,NA,NA
441225,0,0
441226,NA,NA
441283,0,0
441284,NA,NA
441302,NA,NA
441303,0,0
441322,NA,NA
441323,0,0
441324,0,0
441402,NA,NA
441403,0,0
441422,0,0
441423,0,0
441424,NA,NA
441426,NA,NA
441427,NA,NA
441481,NA,NA
441502,NA,NA
441521,0,0
441523,NA,NA
441581,0,0
441602,NA,NA
441621,0,0
441622,NA,NA
441623,0,0
441624,0,0
441625,NA,NA
441702,NA,NA
441721,NA,NA
441723,NA,NA
441781,0,0
441802,NA,NA
441803,NA,NA
441821,NA,NA
441823,0,0
441825,NA,NA
441826,NA,NA
441881,0,0
441882,0,0
441900,NA,NA
442000,0,0
445102,NA,NA
445103,NA,NA
445122,0,0
445202,NA,NA
445203,NA,NA
445222,NA,NA
445224,NA,NA
445281,0,0
445302,NA,NA
445321,NA,NA
445322,NA,NA
445323,NA,NA
445381,0,0
450102,NA,NA
450103,NA,NA
450105,NA,NA
450107,NA,NA
450108,NA,NA
450109,0,0
450122,NA,NA
450123,NA,NA
450124,NA,NA
450125,NA,NA
450126,NA,NA
450127,NA,NA
450202,NA,NA
450203,NA,NA
450204,NA,NA
450205,NA,NA
450221,NA,NA
450222,NA,NA
450223,NA,NA
450224,0,0
450225,NA,NA
450226,NA,NA
450302,NA,NA
450303,NA,NA
450304,NA,NA
450305,NA,NA
450311,NA,NA
450312,NA,NA
450321,0,0
450323,NA,NA
450324,NA,NA
450325,NA,NA
450326,NA,NA
450327,NA,NA
450328,0,0
450329,NA,NA
450330,NA,NA
450331,NA,NA
450332,0,0
450403,NA,NA
450405,NA,NA
450406,NA,NA
450421,NA,NA
450422,NA,NA
450423,NA,NA
450481,NA,NA
450502,NA,NA
450503,NA,NA
450512,NA,NA
450521,0,0
450602,NA,NA
450603,NA,NA
450621,0,0
450681,NA,NA
450702,NA,NA
450703,NA,NA
450721,NA,NA
450722,0,0
450802,NA,NA
450803,NA,NA
450804,NA,NA
450821,0,0
450881,NA,NA
450902,NA,NA
450903,NA,NA
450921,NA,NA
450922,NA,NA
450923,NA,NA
450924,NA,NA
450981,NA,NA
451002,NA,NA
451021,NA,NA
451022,0,0
451023,NA,NA
451024,NA,NA
451025,0,0
451026,0,0
451027,NA,NA
451028,NA,NA
451029,NA,NA
451030,NA,NA
451031,1,0
451102,NA,NA
451121,NA,NA
451122,NA,NA
451123,NA,NA
451202,NA,NA
451221,NA,NA
451222,NA,NA
451223,NA,NA
451224,NA,NA
451225,0,0
451226,NA,NA
451227,NA,NA
451228,NA,NA
451229,NA,NA
451281,NA,NA
451302,NA,NA
451321,NA,NA
451322,NA,NA
451323,NA,NA
451324,NA,NA
451381,NA,NA
451402,NA,NA
451421,0,0
451422,0,0
451423,0,0
451424,0,0
451425,NA,NA
451481,0,0
460105,NA,NA
460106,NA,NA
460107,0,0
460108,NA,NA
460200,0,1
469001,1,0
469002,0,0
469003,0,0
469005,0,0
469006,0,0
469007,1,0
469021,NA,NA
469022,NA,NA
469023,0,0
469024,0,1
469025,0,1
469026,0,0
469027,1,1
469028,0,0
469029,0,0
469030,0,0
500101,1,1
500102,1,1
500103,1,1
500104,1,1
500105,NA,NA
500106,1,1
500107,1,1
500108,1,1
500109,1,1
500110,1,1
500111,1,1
500112,1,1
500113,1,1
500114,1,1
500115,1,1
500116,1,1
500117,1,1
500118,1,1
500119,1,1
500223,1,1
500224,1,1
500226,1,1
500227,1,1
500228,1,1
500229,1,1
500230,1,1
500231,1,1
500232,1,1
500233,1,1
500234,1,1
500235,1,1
500236,1,1
500237,1,1
500238,1,1
500240,1,1
500241,1,1
500242,1,1
500243,1,1
510104,1,1
510105,1,1
510106,1,1
510107,1,1
510108,1,1
510112,1,1
510113,1,1
510114,1,1
510115,1,1
510121,1,1
510122,1,1
510124,1,1
510129,1,1
510131,1,1
510132,1,1
510181,1,1
510182,1,1
510183,1,1
510184,1,1
510302,1,1
510303,1,1
510304,1,1
510311,1,1
510321,1,1
510322,1,1
510402,1,1
510403,1,1
510411,1,1
510421,1,1
510422,1,1
510502,1,1
510503,1,1
510504,1,1
510521,1,1
510522,1,1
510524,1,1
510525,1,1
510603,1,1
510623,1,1
510626,1,1
510681,1,1
510682,1,1
510683,1,1
510703,1,1
510704,1,1
510722,1,1
510723,1,1
510724,1,1
510725,1,1
510726,1,1
510727,1,1
510781,1,1
510802,1,1
510811,1,1
510812,1,1
510821,1,1
510822,1,1
510823,1,1
510824,1,1
510903,1,1
510904,1,1
510921,1,1
510922,1,1
510923,1,1
511002,NA,NA
511011,1,1
511024,1,1
511025,1,1
511028,1,1
511102,NA,NA
511111,1,1
511112,1,1
511113,1,1
511123,1,1
511124,1,1
511126,1,1
511129,1,1
511132,1,1
511133,1,1
511181,1,1
511302,1,1
511303,1,1
511304,1,1
511321,1,1
511322,1,1
511323,1,1
511324,1,1
511325,1,1
511381,1,1
511402,1,1
511421,1,1
511422,1,1
511423,1,1
511424,1,1
511425,1,1
511502,1,1
511503,1,1
511521,1,1
511523,1,1
511524,1,1
511525,1,1
511526,1,1
511527,1,1
511528,1,1
511529,1,1
511602,1,1
511603,NA,NA
511621,1,1
511622,1,1
511623,1,1
511681,1,1
511702,1,1
511703,1,1
511722,1,1
511723,1,1
511724,1,1
511725,1,1
511781,1,1
511802,1,1
511803,1,1
511822,1,1
511823,1,1
511824,1,1
511825,1,1
511826,1,1
511827,1,1
511902,1,1
511903,NA,NA
511921,1,1
511922,1,1
511923,1,1
512002,1,1
512021,1,1
512022,1,1
512081,1,1
513221,1,1
513222,1,1
513223,1,1
513224,1,1
513225,1,1
513226,1,1
513227,1,1
513228,1,1
513229,1,1
513230,1,1
513231,1,1
513232,1,1
513233,1,1
513321,1,1
513322,1,1
513323,1,1
513324,1,1
513325,1,1
513326,1,1
513327,1,1
513328,1,1
513329,1,1
513330,1,1
513331,1,1
513332,1,1
513333,1,1
513334,1,1
513335,1,1
513336,1,1
513337,1,1
513338,1,1
513401,1,1
513422,1,1
513423,1,1
513424,1,1
513425,1,1
513426,1,1
513427,1,1
513428,1,1
513429,1,1
513430,1,1
513431,1,1
513432,1,1
513433,1,1
513434,1,1
513435,1,1
513436,1,1
513437,1,1
520102,1,1
520103,1,1
520111,1,1
520112,NA,NA
520113,NA,NA
520115,NA,NA
520121,1,1
520122,1,1
520123,1,1
520181,1,1
520201,1,1
520203,1,1
520221,1,1
520222,1,1
520302,1,1
520303,1,1
520321,1,1
520322,1,1
520323,1,1
520324,1,1
520325,1,1
520326,1,1
520327,1,1
520328,1,1
520329,1,1
520330,1,1
520381,1,1
520382,1,1
520402,1,1
520421,1,1
520422,1,1
520423,1,1
520424,1,1
520425,1,1
520502,1,1
520521,1,1
520522,1,1
520523,1,1
520524,1,1
520525,1,1
520526,1,1
520527,1,1
520602,1,1
520603,1,1
520621,1,1
520622,1,1
520623,1,1
520624,1,1
520625,1,1
520626,1,1
520627,1,1
520628,1,1
522301,1,1
522322,1,1
522323,1,1
522324,1,1
522325,1,1
522326,1,1
522327,1,1
522328,1,1
522601,1,1
522622,1,1
522623,1,1
522624,1,1
522625,1,1
522626,1,1
522627,1,1
522628,1,1
522629,1,1
522630,1,1
522631,1,1
522632,1,1
522633,1,1
522634,1,1
522635,1,1
522636,1,1
522701,1,1
522702,1,1
522722,1,1
522723,1,1
522725,1,1
522726,1,1
522727,1,1
522728,1,1
522729,1,1
522730,1,1
522731,1,1
522732,1,1
530102,NA,NA
530103,NA,NA
530111,NA,NA
530112,NA,NA
530113,0,0
530114,0,0
530122,0,0
530124,0,0
530125,0,1
530126,NA,NA
530127,NA,NA
530128,0,0
530129,1,1
530181,0,0
530302,NA,NA
530321,NA,NA
530322,NA,NA
530323,NA,NA
530324,1,1
530325,NA,NA
530326,1,1
530328,NA,NA
530381,1,1
530402,NA,NA
530421,NA,NA
530422,0,0
530423,1,1
530424,NA,NA
530425,0,1
530426,NA,NA
530427,0,0
530428,1,1
530502,NA,NA
530521,0,0
530522,1,1
530523,1,1
530524,1,1
530602,1,0
530621,0,0
530622,NA,NA
530623,NA,NA
530624,0,0
530625,0,1
530626,0,0
530627,0,0
530628,0,0
530629,1,1
530630,NA,NA
530702,NA,NA
530721,1,1
530722,0,0
530723,NA,NA
530724,1,1
530802,1,1
530821,NA,NA
530822,0,0
530823,1,0
530824,NA,NA
530825,NA,NA
530826,NA,NA
530827,1,0
530828,0,0
530829,0,0
530902,NA,NA
530921,0,0
530922,0,0
530923,1,0
530924,0,0
530925,0,0
530926,1,0
530927,1,0
532301,NA,NA
532322,0,0
532323,NA,NA
532324,1,1
532325,NA,NA
532326,0,0
532327,0,0
532328,0,0
532329,0,0
532331,0,0
532501,1,1
532502,1,0
532503,1,1
532504,1,0
532523,0,0
532524,1,1
532525,0,0
532527,0,0
532528,0,0
532529,NA,NA
532530,1,1
532531,0,0
532532,0,1
532621,0,0
532622,NA,NA
532623,0,0
532624,1,1
532625,NA,NA
532626,0,0
532627,0,0
532628,NA,NA
532801,1,0
532822,1,0
532823,0,0
532901,1,1
532922,0,0
532923,1,1
532924,1,1
532925,1,1
532926,NA,NA
532927,0,1
532928,1,1
532929,0,1
532930,1,1
532931,1,1
532932,0,0
533102,1,1
533103,1,1
533122,1,0
533123,1,1
533124,1,1
533321,1,1
533323,1,0
533324,0,1
533325,1,1
533421,0,0
533422,0,1
533423,0,0
540102,1,1
540121,0,0
540122,1,0
540123,NA,NA
540124,0,0
540125,NA,NA
540126,NA,NA
540127,NA,NA
542121,0,0
542122,0,0
542123,NA,NA
542124,0,0
542125,0,0
542126,0,0
542127,0,0
542128,0,0
542129,0,0
542132,0,0
542133,NA,NA
542221,NA,NA
542222,NA,NA
542223,NA,NA
542224,NA,NA
542225,NA,NA
542226,NA,NA
542227,0,0
542228,NA,NA
542229,NA,NA
542231,0,0
542232,1,0
542233,NA,NA
542301,NA,NA
542322,NA,NA
542323,0,0
542324,1,0
542325,NA,NA
542326,NA,NA
542327,0,0
542328,NA,NA
542329,0,0
542330,NA,NA
542331,NA,NA
542332,NA,NA
542333,0,0
542334,0,0
542335,1,0
542336,1,0
542337,NA,NA
542338,NA,NA
542421,1,0
542422,NA,NA
542423,NA,NA
542424,NA,NA
542425,0,0
542426,NA,NA
542427,NA,NA
542428,NA,NA
542429,NA,NA
542430,0,0
542431,NA,NA
542521,0,0
542522,0,0
542523,NA,NA
542524,0,0
542525,0,0
542526,NA,NA
542527,NA,NA
542621,0,0
542622,NA,NA
542623,0,0
542624,0,0
542625,1,0
542626,0,0
542627,0,0
610102,NA,NA
610103,1,1
610104,1,1
610111,1,1
610112,1,1
610113,1,1
610114,1,1
610115,1,1
610116,NA,NA
610122,1,1
610124,1,1
610125,1,1
610126,1,1
610202,1,1
610203,1,1
610204,1,1
610222,1,1
610302,1,1
610303,1,1
610304,1,1
610322,1,1
610323,1,1
610324,1,1
610326,1,1
610327,1,1
610328,1,1
610329,1,1
610330,1,1
610331,1,1
610402,1,1
610403,1,1
610404,1,1
610422,1,1
610423,1,1
610424,1,1
610425,1,1
610426,1,1
610427,1,1
610428,1,1
610429,1,1
610430,1,1
610431,1,1
610481,1,1
610502,1,1
610521,1,1
610522,1,1
610523,1,1
610524,1,1
610525,1,1
610526,1,1
610527,1,1
610528,1,1
610581,1,1
610582,1,1
610602,1,1
610621,1,1
610622,1,1
610623,1,1
610624,1,1
610625,1,1
610626,1,1
610627,1,1
610628,1,1
610629,1,1
610630,1,1
610631,1,1
610632,1,1
610702,1,1
610721,1,1
610722,1,1
610723,1,1
610724,1,1
610725,1,1
610726,1,1
610727,1,1
610728,1,1
610729,1,1
610730,1,1
610802,1,1
610821,1,1
610822,1,1
610823,1,1
610824,1,1
610825,1,1
610826,1,1
610827,1,1
610828,1,1
610829,1,1
610830,1,1
610831,1,1
610902,1,1
610921,1,1
610922,1,1
610923,1,1
610924,1,1
610925,1,1
610926,1,1
610927,1,1
610928,1,1
610929,1,1
611002,1,1
611021,1,1
611022,1,1
611023,1,1
611024,1,1
611025,1,1
611026,1,1
620102,NA,NA
620103,1,1
620104,1,1
620105,1,1
620111,1,1
620121,1,1
620122,1,1
620123,1,1
620200,1,1
620302,1,1
620321,1,1
620402,1,1
620403,1,1
620421,1,1
620422,1,1
620423,1,1
620502,1,1
620503,1,1
620521,1,1
620522,1,1
620523,1,1
620524,1,1
620525,1,1
620602,1,1
620621,1,1
620622,1,1
620623,1,1
620702,1,1
620721,1,1
620722,1,1
620723,1,1
620724,1,1
620725,1,1
620802,1,1
620821,1,1
620822,1,1
620823,1,1
620824,1,1
620825,1,1
620826,1,1
620902,1,1
620921,1,1
620922,1,1
620923,1,1
620924,1,1
620981,1,1
620982,1,1
621002,1,1
621021,1,1
621022,1,1
621023,1,1
621024,1,1
621025,1,1
621026,1,1
621027,1,1
621102,1,1
621121,1,1
621122,1,1
621123,1,1
621124,1,1
621125,1,1
621126,1,1
621202,1,1
621221,1,1
621222,1,1
621223,1,1
621224,1,1
621225,1,1
621226,1,1
621227,1,1
621228,1,1
622901,1,1
622921,1,1
622922,1,1
622923,1,1
622924,1,1
622925,1,1
622926,1,1
622927,1,1
623001,1,1
623021,1,1
623022,1,1
623023,1,1
623024,1,1
623025,1,1
623026,1,1
623027,1,1
630102,NA,NA
630103,NA,NA
630104,NA,NA
630105,NA,NA
630121,1,0
630122,1,0
630123,1,1
630202,1,0
630221,NA,NA
630222,1,0
630223,1,0
630224,NA,NA
630225,1,0
632221,1,0
632222,1,0
632223,1,1
632224,0,0
632321,1,0
632322,1,0
632323,1,0
632324,0,0
632521,1,0
632522,NA,NA
632523,NA,NA
632524,1,0
632525,1,0
632621,1,0
632622,0,0
632623,1,0
632624,0,0
632625,0,0
632626,0,0
632701,1,0
632722,0,0
632723,0,0
632724,0,0
632725,0,0
632726,0,0
632801,1,1
632802,1,1
632821,1,1
632822,0,0
632823,1,1
632830,NA,NA
640104,NA,NA
640105,1,1
640106,NA,NA
640121,0,0
640122,1,1
640181,0,0
640202,NA,NA
640205,NA,NA
640221,0,0
640302,NA,NA
640303,NA,NA
640323,0,0
640324,0,0
640381,0,0
640402,0,0
640422,1,0
640423,0,0
640424,0,0
640425,0,0
640502,NA,NA
640521,0,0
640522,0,0
650102,NA,NA
650103,NA,NA
650104,NA,NA
650105,NA,NA
650106,NA,NA
650107,0,0
650109,NA,NA
650121,1,0
650202,NA,NA
650203,0,0
650204,NA,NA
650205,0,0
652101,0,0
652122,NA,NA
652123,NA,NA
652201,0,0
652222,0,0
652223,1,0
652301,NA,NA
652302,0,0
652323,0,0
652324,0,1
652325,1,0
652327,NA,NA
652328,1,0
652701,0,1
652702,1,1
652722,0,0
652723,0,0
652801,0,0
652822,NA,NA
652823,0,0
652824,0,0
652825,0,0
652826,NA,NA
652827,0,0
652828,NA,NA
652829,NA,NA
652901,0,0
652922,NA,NA
652923,NA,NA
652924,NA,NA
652925,NA,NA
652926,NA,NA
652927,NA,NA
652928,0,0
652929,NA,NA
653001,NA,NA
653022,NA,NA
653023,NA,NA
653024,NA,NA
653101,NA,NA
653121,NA,NA
653122,NA,NA
653123,NA,NA
653124,NA,NA
653125,NA,NA
653126,NA,NA
653127,0,0
653128,NA,NA
653129,NA,NA
653130,0,0
653131,0,0
653201,0,0
653221,NA,NA
653222,NA,NA
653223,NA,NA
653224,0,0
653225,NA,NA
653226,NA,NA
653227,0,0
654002,NA,NA
654003,1,0
654021,NA,NA
654022,1,0
654023,0,0
654024,0,0
654025,0,0
654026,0,0
654027,0,0
654028,1,0
654201,1,0
654202,1,0
654221,1,0
654223,0,0
654224,0,0
654225,0,0
654226,0,0
654301,0,0
654321,1,0
654322,1,0
654323,0,0
654324,0,0
654325,0,0
654326,0,0
659001,NA,NA
659002,0,0
659003,NA,NA
659004,0,0
659005,NA,NA
659006,NA,NA
